BEGIN TRANSACTION;
INSERT INTO "accounts_account" ("id","password","last_login","is_superuser","uuid","date_created","last_updated","email","first_name","last_name","verified_email","provider","is_active","is_staff","date_joined","user_type","role_id","api_token_id") VALUES (1,'pbkdf2_sha256$870000$dyT0nrIQZQx1aU0hjokodC$RKYIbrvpxxpk1Stt36d7Y6XA6x2n7wjLhG9gbXzM7go=','2025-02-24 03:05:46.925534',1,'ce34e9baf25a11efa7ed00155d2d78c6','2025-02-24 02:55:30.420598','2025-02-24 02:55:30.858082','7thogofe@gmail.com','','',0,'motaa',1,1,'2025-02-24 02:55:29.232735','customer',NULL,'2ff2c45b1b3b7a71feb31a80230de0fef4406e86'),
 (2,'pbkdf2_sha256$870000$6sOHvw4hehb2Dk1yAA6MuX$gzct2Hyg57renR3GXk0iCJLSSUccDikuP1YKqabz/Sg=','2025-02-24 04:20:06.478832',0,'5b2f05ddf26111ef95e800155d2d78c6','2025-02-24 03:42:27.488075','2025-02-24 03:44:09.540803','iam.joel.tanko@gmail.com','Joel','Tanko',1,'motaa',1,0,'2025-02-24 03:42:22.866148','dealer',NULL,'cfbec3c1925f3e1b7ab0b4561635f5186f782c71');
INSERT INTO "accounts_dealership" ("id","uuid","date_created","last_updated","phone_number","id_type","verified_phone_number","verified_id","about","slug","logo","business_name","headline","cac_number","tin_number","verified_business","verified_tin","verified_location","offers_rental","offers_purchase","offers_drivers","offers_trade_in","user_id","location_id") VALUES (1,'649f2a47f26111efac7900155d2d78c6','2025-02-24 03:42:38.568685','2025-02-24 03:49:09.410648','+2349160374200','nin',0,0,'','manga-autos','profiles/Manga_Autos_Logo_3G0NsyJ.png','Manga Auto''s',NULL,'128465884864','6215894123548',0,0,0,1,1,0,0,2,NULL);
INSERT INTO "auth_permission" ("id","content_type_id","codename","name") VALUES (1,1,'add_logentry','Can add log entry'),
 (2,1,'change_logentry','Can change log entry'),
 (3,1,'delete_logentry','Can delete log entry'),
 (4,1,'view_logentry','Can view log entry'),
 (5,2,'add_permission','Can add permission'),
 (6,2,'change_permission','Can change permission'),
 (7,2,'delete_permission','Can delete permission'),
 (8,2,'view_permission','Can view permission'),
 (9,3,'add_group','Can add group'),
 (10,3,'change_group','Can change group'),
 (11,3,'delete_group','Can delete group'),
 (12,3,'view_group','Can view group'),
 (13,4,'add_contenttype','Can add content type'),
 (14,4,'change_contenttype','Can change content type'),
 (15,4,'delete_contenttype','Can delete content type'),
 (16,4,'view_contenttype','Can view content type'),
 (17,5,'add_session','Can add session'),
 (18,5,'change_session','Can change session'),
 (19,5,'delete_session','Can delete session'),
 (20,5,'view_session','Can view session'),
 (21,6,'add_dealer','Can add Dealership'),
 (22,6,'change_dealer','Can change Dealership'),
 (23,6,'delete_dealer','Can delete Dealership'),
 (24,6,'view_dealer','Can view Dealership'),
 (25,7,'add_document','Can add document'),
 (26,7,'change_document','Can change document'),
 (27,7,'delete_document','Can delete document'),
 (28,7,'view_document','Can view document'),
 (29,8,'add_file','Can add file'),
 (30,8,'change_file','Can change file'),
 (31,8,'delete_file','Can delete file'),
 (32,8,'view_file','Can view file'),
 (33,9,'add_location','Can add location'),
 (34,9,'change_location','Can change location'),
 (35,9,'delete_location','Can delete location'),
 (36,9,'view_location','Can view location'),
 (37,10,'add_mechanic','Can add mechanic'),
 (38,10,'change_mechanic','Can change mechanic'),
 (39,10,'delete_mechanic','Can delete mechanic'),
 (40,10,'view_mechanic','Can view mechanic'),
 (41,11,'add_otp','Can add One Time Pin (OTP)'),
 (42,11,'change_otp','Can change One Time Pin (OTP)'),
 (43,11,'delete_otp','Can delete One Time Pin (OTP)'),
 (44,11,'view_otp','Can view One Time Pin (OTP)'),
 (45,12,'add_payoutinformation','Can add payout information'),
 (46,12,'change_payoutinformation','Can change payout information'),
 (47,12,'delete_payoutinformation','Can delete payout information'),
 (48,12,'view_payoutinformation','Can view payout information'),
 (49,13,'add_account','Can add account'),
 (50,13,'change_account','Can change account'),
 (51,13,'delete_account','Can delete account'),
 (52,13,'view_account','Can view account'),
 (53,14,'add_billinginformation','Can add billing information'),
 (54,14,'change_billinginformation','Can change billing information'),
 (55,14,'delete_billinginformation','Can delete billing information'),
 (56,14,'view_billinginformation','Can view billing information'),
 (57,15,'add_customer','Can add customer'),
 (58,15,'change_customer','Can change customer'),
 (59,15,'delete_customer','Can delete customer'),
 (60,15,'view_customer','Can view customer'),
 (61,16,'add_service','Can add service'),
 (62,16,'change_service','Can change service'),
 (63,16,'delete_service','Can delete service'),
 (64,16,'view_service','Can view service'),
 (65,17,'add_servicebooking','Can add service booking'),
 (66,17,'change_servicebooking','Can change service booking'),
 (67,17,'delete_servicebooking','Can delete service booking'),
 (68,17,'view_servicebooking','Can view service booking'),
 (69,18,'add_serviceoffering','Can add service offering'),
 (70,18,'change_serviceoffering','Can change service offering'),
 (71,18,'delete_serviceoffering','Can delete service offering'),
 (72,18,'view_serviceoffering','Can view service offering'),
 (73,19,'add_chatroom','Can add chat room'),
 (74,19,'change_chatroom','Can change chat room'),
 (75,19,'delete_chatroom','Can delete chat room'),
 (76,19,'view_chatroom','Can view chat room'),
 (77,20,'add_chatattachment','Can add chat attachment'),
 (78,20,'change_chatattachment','Can change chat attachment'),
 (79,20,'delete_chatattachment','Can delete chat attachment'),
 (80,20,'view_chatattachment','Can view chat attachment'),
 (81,21,'add_chatmessage','Can add chat message'),
 (82,21,'change_chatmessage','Can change chat message'),
 (83,21,'delete_chatmessage','Can delete chat message'),
 (84,21,'view_chatmessage','Can view chat message'),
 (85,22,'add_tag','Can add tag'),
 (86,22,'change_tag','Can change tag'),
 (87,22,'delete_tag','Can delete tag'),
 (88,22,'view_tag','Can view tag'),
 (89,23,'add_ticketcategory','Can add ticket category'),
 (90,23,'change_ticketcategory','Can change ticket category'),
 (91,23,'delete_ticketcategory','Can delete ticket category'),
 (92,23,'view_ticketcategory','Can view ticket category'),
 (93,24,'add_notification','Can add notification'),
 (94,24,'change_notification','Can change notification'),
 (95,24,'delete_notification','Can delete notification'),
 (96,24,'view_notification','Can view notification'),
 (97,25,'add_review','Can add review'),
 (98,25,'change_review','Can change review'),
 (99,25,'delete_review','Can delete review'),
 (100,25,'view_review','Can view review'),
 (101,26,'add_reviewarea','Can add review area'),
 (102,26,'change_reviewarea','Can change review area'),
 (103,26,'delete_reviewarea','Can delete review area'),
 (104,26,'view_reviewarea','Can view review area'),
 (105,27,'add_supportticket','Can add support ticket'),
 (106,27,'change_supportticket','Can change support ticket'),
 (107,27,'delete_supportticket','Can delete support ticket'),
 (108,27,'view_supportticket','Can view support ticket'),
 (109,28,'add_vehiclecategory','Can add vehicle category'),
 (110,28,'change_vehiclecategory','Can change vehicle category'),
 (111,28,'delete_vehiclecategory','Can delete vehicle category'),
 (112,28,'view_vehiclecategory','Can view vehicle category'),
 (113,29,'add_vehiclefeature','Can add vehicle feature'),
 (114,29,'change_vehiclefeature','Can change vehicle feature'),
 (115,29,'delete_vehiclefeature','Can delete vehicle feature'),
 (116,29,'view_vehiclefeature','Can view vehicle feature'),
 (117,30,'add_vehicletag','Can add vehicle tag'),
 (118,30,'change_vehicletag','Can change vehicle tag'),
 (119,30,'delete_vehicletag','Can delete vehicle tag'),
 (120,30,'view_vehicletag','Can view vehicle tag'),
 (121,31,'add_coupon','Can add coupon'),
 (122,31,'change_coupon','Can change coupon'),
 (123,31,'delete_coupon','Can delete coupon'),
 (124,31,'view_coupon','Can view coupon'),
 (125,32,'add_listing','Can add listing'),
 (126,32,'change_listing','Can change listing'),
 (127,32,'delete_listing','Can delete listing'),
 (128,32,'view_listing','Can view listing'),
 (129,33,'add_order','Can add order'),
 (130,33,'change_order','Can change order'),
 (131,33,'delete_order','Can delete order'),
 (132,33,'view_order','Can view order'),
 (133,34,'add_carrental','Can add car rental'),
 (134,34,'change_carrental','Can change car rental'),
 (135,34,'delete_carrental','Can delete car rental'),
 (136,34,'view_carrental','Can view car rental'),
 (137,35,'add_carpurchase','Can add car purchase'),
 (138,35,'change_carpurchase','Can change car purchase'),
 (139,35,'delete_carpurchase','Can delete car purchase'),
 (140,35,'view_carpurchase','Can view car purchase'),
 (141,36,'add_purchaseoffer','Can add purchase offer'),
 (142,36,'change_purchaseoffer','Can change purchase offer'),
 (143,36,'delete_purchaseoffer','Can delete purchase offer'),
 (144,36,'view_purchaseoffer','Can view purchase offer'),
 (145,37,'add_testdriverequest','Can add test drive request'),
 (146,37,'change_testdriverequest','Can change test drive request'),
 (147,37,'delete_testdriverequest','Can delete test drive request'),
 (148,37,'view_testdriverequest','Can view test drive request'),
 (149,38,'add_vehicle','Can add vehicle'),
 (150,38,'change_vehicle','Can change vehicle'),
 (151,38,'delete_vehicle','Can delete vehicle'),
 (152,38,'view_vehicle','Can view vehicle'),
 (153,39,'add_tradeinrequest','Can add trade in request'),
 (154,39,'change_tradeinrequest','Can change trade in request'),
 (155,39,'delete_tradeinrequest','Can delete trade in request'),
 (156,39,'view_tradeinrequest','Can view trade in request'),
 (157,40,'add_vehicleimage','Can add vehicle image'),
 (158,40,'change_vehicleimage','Can change vehicle image'),
 (159,40,'delete_vehicleimage','Can delete vehicle image'),
 (160,40,'view_vehicleimage','Can view vehicle image'),
 (161,41,'add_motaawalletemail','Can add motaa wallet email'),
 (162,41,'change_motaawalletemail','Can change motaa wallet email'),
 (163,41,'delete_motaawalletemail','Can delete motaa wallet email'),
 (164,41,'view_motaawalletemail','Can view motaa wallet email'),
 (165,42,'add_transaction','Can add transaction'),
 (166,42,'change_transaction','Can change transaction'),
 (167,42,'delete_transaction','Can delete transaction'),
 (168,42,'view_transaction','Can view transaction'),
 (169,43,'add_wallet','Can add wallet'),
 (170,43,'change_wallet','Can change wallet'),
 (171,43,'delete_wallet','Can delete wallet'),
 (172,43,'view_wallet','Can view wallet'),
 (173,44,'add_analyticsdata','Can add Analytics Data'),
 (174,44,'change_analyticsdata','Can change Analytics Data'),
 (175,44,'delete_analyticsdata','Can delete Analytics Data'),
 (176,44,'view_analyticsdata','Can view Analytics Data'),
 (177,45,'add_token','Can add Token'),
 (178,45,'change_token','Can change Token'),
 (179,45,'delete_token','Can delete Token'),
 (180,45,'view_token','Can view Token'),
 (181,46,'add_tokenproxy','Can add Token'),
 (182,46,'change_tokenproxy','Can change Token'),
 (183,46,'delete_tokenproxy','Can delete Token'),
 (184,46,'view_tokenproxy','Can view Token'),
 (185,47,'add_emailaddress','Can add email address'),
 (186,47,'change_emailaddress','Can change email address'),
 (187,47,'delete_emailaddress','Can delete email address'),
 (188,47,'view_emailaddress','Can view email address'),
 (189,48,'add_emailconfirmation','Can add email confirmation'),
 (190,48,'change_emailconfirmation','Can change email confirmation'),
 (191,48,'delete_emailconfirmation','Can delete email confirmation'),
 (192,48,'view_emailconfirmation','Can view email confirmation'),
 (193,49,'add_socialaccount','Can add social account'),
 (194,49,'change_socialaccount','Can change social account'),
 (195,49,'delete_socialaccount','Can delete social account'),
 (196,49,'view_socialaccount','Can view social account'),
 (197,50,'add_socialapp','Can add social application'),
 (198,50,'change_socialapp','Can change social application'),
 (199,50,'delete_socialapp','Can delete social application'),
 (200,50,'view_socialapp','Can view social application'),
 (201,51,'add_socialtoken','Can add social application token'),
 (202,51,'change_socialtoken','Can change social application token'),
 (203,51,'delete_socialtoken','Can delete social application token'),
 (204,51,'view_socialtoken','Can view social application token'),
 (205,6,'add_dealership','Can add Dealership'),
 (206,6,'change_dealership','Can change Dealership'),
 (207,6,'delete_dealership','Can delete Dealership'),
 (208,6,'view_dealership','Can view Dealership');
INSERT INTO "authtoken_token" ("key","created","user_id") VALUES ('2ff2c45b1b3b7a71feb31a80230de0fef4406e86','2025-02-24 02:55:30.704404',1),
 ('cfbec3c1925f3e1b7ab0b4561635f5186f782c71','2025-02-24 03:42:38.317626',2);
INSERT INTO "django_admin_log" ("id","object_id","object_repr","action_flag","change_message","content_type_id","user_id","action_time") VALUES (1,'1','Manga Auto''s',2,'[{"changed": {"fields": ["Logo", "Business name", "Cac number", "Tin number", "Offers rental"]}}]',6,1,'2025-02-24 03:49:09.657582');
INSERT INTO "django_content_type" ("id","app_label","model") VALUES (1,'admin','logentry'),
 (2,'auth','permission'),
 (3,'auth','group'),
 (4,'contenttypes','contenttype'),
 (5,'sessions','session'),
 (6,'accounts','dealership'),
 (7,'accounts','document'),
 (8,'accounts','file'),
 (9,'accounts','location'),
 (10,'accounts','mechanic'),
 (11,'accounts','otp'),
 (12,'accounts','payoutinformation'),
 (13,'accounts','account'),
 (14,'accounts','billinginformation'),
 (15,'accounts','customer'),
 (16,'bookings','service'),
 (17,'bookings','servicebooking'),
 (18,'bookings','serviceoffering'),
 (19,'chat','chatroom'),
 (20,'chat','chatattachment'),
 (21,'chat','chatmessage'),
 (22,'feedback','tag'),
 (23,'feedback','ticketcategory'),
 (24,'feedback','notification'),
 (25,'feedback','review'),
 (26,'feedback','reviewarea'),
 (27,'feedback','supportticket'),
 (28,'listings','vehiclecategory'),
 (29,'listings','vehiclefeature'),
 (30,'listings','vehicletag'),
 (31,'listings','coupon'),
 (32,'listings','listing'),
 (33,'listings','order'),
 (34,'listings','carrental'),
 (35,'listings','carpurchase'),
 (36,'listings','purchaseoffer'),
 (37,'listings','testdriverequest'),
 (38,'listings','vehicle'),
 (39,'listings','tradeinrequest'),
 (40,'listings','vehicleimage'),
 (41,'wallet','motaawalletemail'),
 (42,'wallet','transaction'),
 (43,'wallet','wallet'),
 (44,'analytics','analyticsdata'),
 (45,'authtoken','token'),
 (46,'authtoken','tokenproxy'),
 (47,'account','emailaddress'),
 (48,'account','emailconfirmation'),
 (49,'socialaccount','socialaccount'),
 (50,'socialaccount','socialapp'),
 (51,'socialaccount','socialtoken');
INSERT INTO "django_migrations" ("id","app","name","applied") VALUES (1,'contenttypes','0001_initial','2025-02-24 02:52:37.151375'),
 (2,'contenttypes','0002_remove_content_type_name','2025-02-24 02:52:37.575296'),
 (3,'auth','0001_initial','2025-02-24 02:52:38.288264'),
 (4,'auth','0002_alter_permission_name_max_length','2025-02-24 02:52:38.495185'),
 (5,'auth','0003_alter_user_email_max_length','2025-02-24 02:52:38.843138'),
 (6,'auth','0004_alter_user_username_opts','2025-02-24 02:52:39.087590'),
 (7,'auth','0005_alter_user_last_login_null','2025-02-24 02:52:39.441090'),
 (8,'auth','0006_require_contenttypes_0002','2025-02-24 02:52:39.721282'),
 (9,'auth','0007_alter_validators_add_error_messages','2025-02-24 02:52:40.062010'),
 (10,'auth','0008_alter_user_username_max_length','2025-02-24 02:52:40.252013'),
 (11,'auth','0009_alter_user_last_name_max_length','2025-02-24 02:52:40.541336'),
 (12,'auth','0010_alter_group_name_max_length','2025-02-24 02:52:40.974907'),
 (13,'auth','0011_update_proxy_permissions','2025-02-24 02:52:41.386646'),
 (14,'auth','0012_alter_user_first_name_max_length','2025-02-24 02:52:41.629590'),
 (15,'accounts','0001_initial','2025-02-24 02:52:42.274714'),
 (16,'account','0001_initial','2025-02-24 02:52:42.859803'),
 (17,'account','0002_email_max_length','2025-02-24 02:52:43.194508'),
 (18,'account','0003_alter_emailaddress_create_unique_verified_email','2025-02-24 02:52:43.492689'),
 (19,'account','0004_alter_emailaddress_drop_unique_email','2025-02-24 02:52:43.790161'),
 (20,'account','0005_emailaddress_idx_upper_email','2025-02-24 02:52:44.188707'),
 (21,'account','0006_emailaddress_lower','2025-02-24 02:52:44.540822'),
 (22,'account','0007_emailaddress_idx_email','2025-02-24 02:52:44.984512'),
 (23,'account','0008_emailaddress_unique_primary_email_fixup','2025-02-24 02:52:45.299593'),
 (24,'account','0009_emailaddress_unique_primary_email','2025-02-24 02:52:45.618959'),
 (25,'listings','0001_initial','2025-02-24 02:52:46.707322'),
 (26,'bookings','0001_initial','2025-02-24 02:52:47.074617'),
 (27,'accounts','0002_initial','2025-02-24 02:52:47.756695'),
 (28,'accounts','0003_initial','2025-02-24 02:52:48.498490'),
 (29,'feedback','0001_initial','2025-02-24 02:52:49.676242'),
 (30,'accounts','0004_initial','2025-02-24 02:52:52.627799'),
 (31,'admin','0001_initial','2025-02-24 02:52:53.120523'),
 (32,'admin','0002_logentry_remove_auto_add','2025-02-24 02:52:54.001250'),
 (33,'admin','0003_logentry_add_action_flag_choices','2025-02-24 02:52:55.263636'),
 (34,'analytics','0001_initial','2025-02-24 02:52:55.868384'),
 (35,'authtoken','0001_initial','2025-02-24 02:52:56.574132'),
 (36,'authtoken','0002_auto_20160226_1747','2025-02-24 02:52:57.114115'),
 (37,'authtoken','0003_tokenproxy','2025-02-24 02:52:57.423607'),
 (38,'authtoken','0004_alter_tokenproxy_options','2025-02-24 02:52:57.680623'),
 (39,'bookings','0002_initial','2025-02-24 02:52:59.251007'),
 (40,'sessions','0001_initial','2025-02-24 02:52:59.841300'),
 (41,'socialaccount','0001_initial','2025-02-24 02:53:00.986788'),
 (42,'socialaccount','0002_token_max_lengths','2025-02-24 02:53:01.663144'),
 (43,'socialaccount','0003_extra_data_default_dict','2025-02-24 02:53:02.097816'),
 (44,'socialaccount','0004_app_provider_id_settings','2025-02-24 02:53:02.761330'),
 (45,'socialaccount','0005_socialtoken_nullable_app','2025-02-24 02:53:03.237083'),
 (46,'socialaccount','0006_alter_socialaccount_extra_data','2025-02-24 02:53:03.680976'),
 (47,'wallet','0001_initial','2025-02-24 02:53:04.953121'),
 (48,'accounts','0005_account_api_token','2025-02-24 02:54:55.403514'),
 (49,'accounts','0006_rename_dealer_dealership','2025-02-24 04:55:56.928173'),
 (50,'accounts','0007_customer_favorites_alter_customer_cart','2025-02-24 04:57:05.673834');
INSERT INTO "django_session" ("session_key","session_data","expire_date") VALUES ('ao2s9k47ff8sr7mnz2fyuftw9n3xona2','e30:1tmOmw:aNJVi2PmzR7iLI3SlOHhbk6bqD3yiwzXbjQyIG-JKa0','2025-03-10 03:05:46.056597'),
 ('3h7qq4ad50z6977s366zb6mgtxadgefz','.eJxVjDsOwyAQRO9CHSG-NqRM7zOghWWDkwgkY1dR7h5bcpE0U8x7M28WYFtL2HpewozsyiS7_HYR0jPXA-AD6r3x1Oq6zJEfCj9p51PD_Lqd7t9BgV72tRCgLaEjGi0RKm-1VjKS3JPAiQgxeeOtkahHkaWijNJ5Pxgl0iA8-3wB4-Q3bQ:1tmOmx:sL7IjAc1XYRPnVr6eAThTMEH1VIwmWzhQlfjlY9qWsc','2025-03-10 03:05:47.179581'),
 ('3367o31onytfbcnr0udsbtg1jhnge01d','.eJxVjEEOwiAQAP_C2RAo3YV69N43kIUFqRqalPZk_Lsh6UGvM5N5C0_HXvzR0uYXFlcxiMsvCxSfqXbBD6r3Vca17tsSZE_kaZucV06v29n-DQq10reQRlKZB0AdR-eAEyNAiJwVagsWwaHWA2WTCCZrHBm0mIOdCKJi8fkC1dQ3gg:1tmPwt:Uvjfmvy93rN7clUoaVd63dsOj3zsBM3LO3F_p0jRxA4','2025-03-10 04:20:07.276127');
INSERT INTO "listings_listing" ("id","uuid","date_created","last_updated","listing_type","verified","approved","price","title","impressions","payment_cycle","approved_by_id","created_by_id","vehicle_id") VALUES (1,'ddaa65b9f2ae11ef91b400155d2d78c6','2025-02-24 12:57:12.893791','2025-02-24 12:57:12.893791','sale',0,0,15000000,'BMW M3 Grey V8 Engine',0,'week',NULL,2,2);
INSERT INTO "listings_vehicle" ("id","uuid","date_created","last_updated","name","slug","color","brand","condition","type","mileage","transmission","fuel_system","drivetrain","seats","doors","vin","video","custom_duty","available","for_sale","for_rent","sold","current_rental_id","dealer_id","last_rental_id") VALUES (1,'af35b079f2ae11efb12c00155d2d78c6','2025-02-24 12:55:54.953740','2025-02-24 12:55:54.953740','BMW M3 Grey V8 Engine','bmw-m3-grey-v8-engine','None','BMW','new','sedan','0','auto','petrol','4WD',5,4,'32324567898675','',0,1,1,0,0,NULL,NULL,NULL),
 (2,'dc620430f2ae11efbccf00155d2d78c6','2025-02-24 12:57:10.741713','2025-02-24 12:57:12.674904','BMW M3 Grey V8 Engine','bmw-m3-grey-v8-engine','None','BMW','new','sedan','0','auto','petrol','4WD',5,4,'32324567898675','',0,1,1,0,0,NULL,NULL,NULL);
INSERT INTO "listings_vehicle_images" ("id","vehicle_id","vehicleimage_id") VALUES (1,2,1),
 (2,2,2),
 (3,2,3);
INSERT INTO "listings_vehicleimage" ("id","uuid","date_created","last_updated","image","vehicle_id") VALUES (1,'dc810313f2ae11efb73900155d2d78c6','2025-02-24 12:57:11.007342','2025-02-24 12:57:11.007342','vehicles/images/bmw-m3-grey-v8-engine_image-0.png',2),
 (2,'dcdd39b1f2ae11ef865100155d2d78c6','2025-02-24 12:57:11.549176','2025-02-24 12:57:11.549176','vehicles/images/bmw-m3-grey-v8-engine_image-1.png',2),
 (3,'dd463d7ef2ae11efbb8900155d2d78c6','2025-02-24 12:57:12.237401','2025-02-24 12:57:12.237401','vehicles/images/bmw-m3-grey-v8-engine_image-2.png',2);
INSERT INTO "wallet_wallet" ("id","uuid","date_created","last_updated","ledger_balance","currency","user_id") VALUES (1,'cf017181f25a11ef974600155d2d78c6','2025-02-24 02:55:30.573145','2025-02-24 02:55:30.573145',0,'NGN',1),
 (2,'5e39a92cf26111efb89c00155d2d78c6','2025-02-24 03:42:27.837137','2025-02-24 03:42:27.837137',0,'NGN',2);
COMMIT;
